[
  {
    "key": "contr.mcaogs_qptm_id",
    "fieldName": "contr.mcaogs_qptm_id",
    "name": "Contact#",
    "minWidth": 60
  },
  {
    "key": "mcaogs_bannerid",
    "fieldName": "mcaogs_bannerid",
    "name": "Banner Id#",
    "minWidth": 120
  },
  {
    "key": "contr.title",
    "fieldName": "contr.title",
    "name": "Contract Name",
    "minWidth": 100
  },
  {
    "key": "name",
    "fieldName": "name",
    "name": "Account Name",
    "minWidth": 160
  },
  {
    "key": "contr.onegas_tspno",
    "fieldName": "contr.onegas_tspno",
    "name": "TSP No",
    "minWidth": 30
  },
  {
    "key": "contr.onegas_rate",
    "fieldName": "contr.onegas_rate",
    "name": "Rate",
    "minWidth": 50
  }
]