<?xml version="1.0" encoding="UTF-8" standalone="yes"?>
<manifest>
  <control namespace="Schiavone" constructor="FetchXmlDetailsList" version="0.0.3" display-name-key="FetchXml DetailsList" description-key="Control generates a FluentUI DetailsList for subgrids loaded via a custom FetchXml query and column layout" control-type="virtual" preview-image="PCFSubgrid.png" api-version="1.3.5">
    <external-service-usage enabled="false"/>
    <property name="FetchXml" display-name-key="FetchXml Query" description-key="FetchXml Query with RecordId Placeholder in Filter" of-type="Multiple" usage="input" required="true"/>
    <property name="RecordIdPlaceholder" display-name-key="RecordId Placeholder" description-key="Will be replaced with RecordId. ie. [RECORDID] " of-type="SingleLine.Text" usage="input" required="true" default-value="[RECORDID]"/>
    <property name="ControlAnchorField" display-name-key="ControlAnchorField" description-key="Dummy text field used to place grid." of-type="SingleLine.Text" usage="bound" required="true"/>
    <property name="OverriddenRecordIdFieldName" display-name-key="Overridden RecordId Field Name" description-key="If provided, and available on current form, used for RecordId" of-type="SingleLine.Text" usage="input" required="false"/>
    <property name="ColumnLayoutJson" display-name-key="Column Layout Json" description-key="Json list of Columns (name, fieldName)" of-type="Multiple" usage="input" required="false"/>
    <property name="ItemsPerPage" display-name-key="Items Per Page" description-key="Items Per Page (Defaults to 5000)" of-type="Whole.None" usage="input" required="false" default-value="5000"/>
    <property name="DebugMode" display-name-key="Run in Debug Mode" description-key="Write extra details to console.log" of-type="Enum" usage="input" required="false">
      <value name="Off" display-name-key="Off" description-key="Do NOT run in Debug Mode" default="true">0</value>
      <value name="On" display-name-key="On" description-key="Run in Debug Mode">1</value>
    </property>
    <resources>
      <code path="bundle.js" order="1"/>
      <platform-library name="React" version="16.8.6"/>
      <platform-library name="Fluent" version="8.29.0"/>
    </resources>
    <feature-usage>
      <uses-feature name="Utility" required="true"/>
      <uses-feature name="WebAPI" required="true"/>
    </feature-usage>
    <built-by name="pac" version="1.21.13"/>
  </control>
</manifest>