{
    "@odata.context": "https://onegasdev.crm.dynamics.com/api/data/v9.0/$metadata#accounts(accountid,mcaogs_bannerid,name,mcaogs_sourcesystemname,mcaogs_sourcesystemid,_onegas_keyaccountrep_value)",
    "@Microsoft.Dynamics.CRM.totalrecordcount": -1,
    "@Microsoft.Dynamics.CRM.totalrecordcountlimitexceeded": false,
    "@Microsoft.Dynamics.CRM.globalmetadataversion": "2882368752",
    "@company.OData.Community.Display.V1.CurrentEntityField": "onegas_company",
    "@banneraccount.OData.Community.Display.V1.CurrentEntityField": "onegas_banneraccount",
    "value": [
        {
            "@odata.etag": "W/\"2818548811\"",
            "accountid": "657a0fbf-30a5-e511-80e0-3863bb34dac8",
            "mcaogs_bannerid": "910465155",
            "name": "REID'S CLEANERS",
            "mcaogs_sourcesystemname": "Banner",
            "mcaogs_sourcesystemid": "910465155",
            "_onegas_keyaccountrep_value@OData.Community.Display.V1.FormattedValue": "Grant Huber",
            "_onegas_keyaccountrep_value@Microsoft.Dynamics.CRM.lookuplogicalname": "systemuser",
            "_onegas_keyaccountrep_value": "90c0a8a8-15e6-e511-80ed-3863bb346a10",
            "contr.mcaogs_supplier@OData.Community.Display.V1.AttributeName": "mcaogs_supplier",
            "contr.mcaogs_supplier@OData.Community.Display.V1.FormattedValue": "SYMMETRY ENERGY SOLUTIONS, LLC",
            "contr.mcaogs_supplier@Microsoft.Dynamics.CRM.lookuplogicalname": "account",
            "contr.mcaogs_supplier": "a17d6601-e0e8-ec11-bb3c-000d3a1129d3",
            "contr.onegas_tariff@OData.Community.Display.V1.AttributeName": "onegas_tariff",
            "contr.onegas_tariff": "AUST I/S COM TRANS",
            "contr.onegas_customercontractedbanneraccounts@OData.Community.Display.V1.AttributeName": "onegas_customercontractedbanneraccounts",
            "contr.onegas_customercontractedbanneraccounts@OData.Community.Display.V1.FormattedValue": "1",
            "contr.onegas_customercontractedbanneraccounts": 1,
            "company.onegas_ldc_customer_number@OData.Community.Display.V1.AttributeName": "onegas_ldc_customer_number",
            "company.onegas_ldc_customer_number": "5924",
            "contr.title@OData.Community.Display.V1.AttributeName": "title",
            "contr.title": "REID'S LAUNDRY & CLEANERS",
            "contr.onegas_contractenddate@OData.Community.Display.V1.AttributeName": "onegas_contractenddate",
            "contr.onegas_contractenddate@OData.Community.Display.V1.FormattedValue": "12/31/9000",
            "contr.onegas_contractenddate": "9000-12-31T06:00:00.000Z",
            "banneraccount.onegas_bannerstatus@OData.Community.Display.V1.AttributeName": "onegas_bannerstatus",
            "banneraccount.onegas_bannerstatus@OData.Community.Display.V1.FormattedValue": "Active",
            "banneraccount.onegas_bannerstatus": 701830000,
            "contr.onegas_qptmcontractstatus@OData.Community.Display.V1.AttributeName": "onegas_qptmcontractstatus",
            "contr.onegas_qptmcontractstatus@OData.Community.Display.V1.FormattedValue": "Active",
            "contr.onegas_qptmcontractstatus": 701830000,
            "contr.mcaogs_qptm_id@OData.Community.Display.V1.AttributeName": "mcaogs_qptm_id",
            "contr.mcaogs_qptm_id": "017894",
            "company.onegas_name@OData.Community.Display.V1.AttributeName": "onegas_name",
            "company.onegas_name": "REID'S LAUNDRY & CLEANERS (5924)",
            "premise.mcaogs_address1@OData.Community.Display.V1.AttributeName": "mcaogs_address1",
            "premise.mcaogs_address1": "3317 N LAMAR BLVD # A",
            "banneraccount.mcaogs_name@OData.Community.Display.V1.AttributeName": "mcaogs_name",
            "banneraccount.mcaogs_name": "910465155-1476127",
            "company.onegas_taxid@OData.Community.Display.V1.AttributeName": "onegas_taxid",
            "company.onegas_taxid": "17423907595",
            "contr.activeon@OData.Community.Display.V1.AttributeName": "activeon",
            "contr.activeon@OData.Community.Display.V1.FormattedValue": "10/1/2019",
            "contr.activeon": "2019-10-01T05:00:00.000Z",
            "contr.onegas_rate@OData.Community.Display.V1.AttributeName": "onegas_rate",
            "contr.onegas_rate": "X06P",
            "premise.mcaogs_city@OData.Community.Display.V1.AttributeName": "mcaogs_city",
            "premise.mcaogs_city": "AUSTIN",
            "contr.mcaogs_sourcesystemid@OData.Community.Display.V1.AttributeName": "mcaogs_sourcesystemid",
            "contr.mcaogs_sourcesystemid": "017894",
            "banneraccount.onegas_billing_history_url@OData.Community.Display.V1.AttributeName": "onegas_billing_history_url",
            "banneraccount.onegas_billing_history_url": "http://csrtools.webapp.onegas.com/msi/formx.aspx?cc=9104651551476127P",
            "contr.onegas_tspno@OData.Community.Display.V1.AttributeName": "onegas_tspno",
            "contr.onegas_tspno": "91",
            "banneraccount.mcaogs_premiseid@OData.Community.Display.V1.AttributeName": "mcaogs_premiseid",
            "banneraccount.mcaogs_premiseid@OData.Community.Display.V1.FormattedValue": "1476127",
            "banneraccount.mcaogs_premiseid@Microsoft.Dynamics.CRM.lookuplogicalname": "mcaogs_premise",
            "banneraccount.mcaogs_premiseid": "47414bd9-91fc-e511-80f0-3863bb2e33b0",
            "premise.mcaogs_stateid@OData.Community.Display.V1.AttributeName": "mcaogs_stateid",
            "premise.mcaogs_stateid@OData.Community.Display.V1.FormattedValue": "TX",
            "premise.mcaogs_stateid@Microsoft.Dynamics.CRM.lookuplogicalname": "mcaogs_state",
            "premise.mcaogs_stateid": "aff62468-2611-e511-80fa-c4346bac45d4",
            "_onegas_keyaccountrep_value_Formatted": "Grant Huber",
            "_onegas_keyaccountrep_value_LogicalName": "systemuser",
            "contr.mcaogs_supplier_Formatted": "SYMMETRY ENERGY SOLUTIONS, LLC",
            "contr.mcaogs_supplier_LogicalName": "account",
            "contr.onegas_customercontractedbanneraccounts_Formatted": "1",
            "contr.onegas_contractenddate_Formatted": "12/31/9000",
            "banneraccount.onegas_bannerstatus_Formatted": "Active",
            "contr.onegas_qptmcontractstatus_Formatted": "Active",
            "contr.activeon_Formatted": "10/1/2019",
            "banneraccount.mcaogs_premiseid_Formatted": "1476127",
            "banneraccount.mcaogs_premiseid_LogicalName": "mcaogs_premise",
            "premise.mcaogs_stateid_Formatted": "TX",
            "premise.mcaogs_stateid_LogicalName": "mcaogs_state"
        },
        {
            "@odata.etag": "W/\"2496587094\"",
            "accountid": "41d52b73-3fa5-e511-80e0-3863bb34dac8",
            "mcaogs_bannerid": "910118790",
            "name": "REID'S CLEANERS",
            "mcaogs_sourcesystemname": "Banner",
            "mcaogs_sourcesystemid": "910118790",
            "_onegas_keyaccountrep_value@OData.Community.Display.V1.FormattedValue": "Grant Huber",
            "_onegas_keyaccountrep_value@Microsoft.Dynamics.CRM.lookuplogicalname": "systemuser",
            "_onegas_keyaccountrep_value": "90c0a8a8-15e6-e511-80ed-3863bb346a10",
            "contr.mcaogs_supplier@OData.Community.Display.V1.AttributeName": "mcaogs_supplier",
            "contr.mcaogs_supplier@OData.Community.Display.V1.FormattedValue": "SYMMETRY ENERGY SOLUTIONS, LLC",
            "contr.mcaogs_supplier@Microsoft.Dynamics.CRM.lookuplogicalname": "account",
            "contr.mcaogs_supplier": "a17d6601-e0e8-ec11-bb3c-000d3a1129d3",
            "contr.onegas_tariff@OData.Community.Display.V1.AttributeName": "onegas_tariff",
            "contr.onegas_tariff": "AUST I/S COM TRANS",
            "contr.onegas_customercontractedbanneraccounts@OData.Community.Display.V1.AttributeName": "onegas_customercontractedbanneraccounts",
            "contr.onegas_customercontractedbanneraccounts@OData.Community.Display.V1.FormattedValue": "1",
            "contr.onegas_customercontractedbanneraccounts": 1,
            "company.onegas_ldc_customer_number@OData.Community.Display.V1.AttributeName": "onegas_ldc_customer_number",
            "company.onegas_ldc_customer_number": "5924",
            "contr.title@OData.Community.Display.V1.AttributeName": "title",
            "contr.title": "REID'S LAUNDRY & CLEANERS",
            "contr.onegas_contractenddate@OData.Community.Display.V1.AttributeName": "onegas_contractenddate",
            "contr.onegas_contractenddate@OData.Community.Display.V1.FormattedValue": "12/31/9000",
            "contr.onegas_contractenddate": "9000-12-31T06:00:00.000Z",
            "banneraccount.onegas_bannerstatus@OData.Community.Display.V1.AttributeName": "onegas_bannerstatus",
            "banneraccount.onegas_bannerstatus@OData.Community.Display.V1.FormattedValue": "Active",
            "banneraccount.onegas_bannerstatus": 701830000,
            "contr.onegas_qptmcontractstatus@OData.Community.Display.V1.AttributeName": "onegas_qptmcontractstatus",
            "contr.onegas_qptmcontractstatus@OData.Community.Display.V1.FormattedValue": "Active",
            "contr.onegas_qptmcontractstatus": 701830000,
            "contr.mcaogs_qptm_id@OData.Community.Display.V1.AttributeName": "mcaogs_qptm_id",
            "contr.mcaogs_qptm_id": "017894",
            "company.onegas_name@OData.Community.Display.V1.AttributeName": "onegas_name",
            "company.onegas_name": "REID'S LAUNDRY & CLEANERS (5924)",
            "premise.mcaogs_address1@OData.Community.Display.V1.AttributeName": "mcaogs_address1",
            "premise.mcaogs_address1": "3616 FAR WEST BLVD # 102",
            "banneraccount.mcaogs_name@OData.Community.Display.V1.AttributeName": "mcaogs_name",
            "banneraccount.mcaogs_name": "910118790-1393698",
            "company.onegas_taxid@OData.Community.Display.V1.AttributeName": "onegas_taxid",
            "company.onegas_taxid": "17423907595",
            "contr.activeon@OData.Community.Display.V1.AttributeName": "activeon",
            "contr.activeon@OData.Community.Display.V1.FormattedValue": "10/1/2019",
            "contr.activeon": "2019-10-01T05:00:00.000Z",
            "contr.onegas_rate@OData.Community.Display.V1.AttributeName": "onegas_rate",
            "contr.onegas_rate": "X06P",
            "premise.mcaogs_city@OData.Community.Display.V1.AttributeName": "mcaogs_city",
            "premise.mcaogs_city": "AUSTIN",
            "contr.mcaogs_sourcesystemid@OData.Community.Display.V1.AttributeName": "mcaogs_sourcesystemid",
            "contr.mcaogs_sourcesystemid": "017894",
            "banneraccount.onegas_billing_history_url@OData.Community.Display.V1.AttributeName": "onegas_billing_history_url",
            "banneraccount.onegas_billing_history_url": "http://csrtools.webapp.onegas.com/msi/formx.aspx?cc=9101187901393698P",
            "contr.onegas_tspno@OData.Community.Display.V1.AttributeName": "onegas_tspno",
            "contr.onegas_tspno": "91",
            "banneraccount.mcaogs_premiseid@OData.Community.Display.V1.AttributeName": "mcaogs_premiseid",
            "banneraccount.mcaogs_premiseid@OData.Community.Display.V1.FormattedValue": "1393698",
            "banneraccount.mcaogs_premiseid@Microsoft.Dynamics.CRM.lookuplogicalname": "mcaogs_premise",
            "banneraccount.mcaogs_premiseid": "5067500b-92fc-e511-80f2-3863bb341e70",
            "premise.mcaogs_stateid@OData.Community.Display.V1.AttributeName": "mcaogs_stateid",
            "premise.mcaogs_stateid@OData.Community.Display.V1.FormattedValue": "TX",
            "premise.mcaogs_stateid@Microsoft.Dynamics.CRM.lookuplogicalname": "mcaogs_state",
            "premise.mcaogs_stateid": "aff62468-2611-e511-80fa-c4346bac45d4",
            "_onegas_keyaccountrep_value_Formatted": "Grant Huber",
            "_onegas_keyaccountrep_value_LogicalName": "systemuser",
            "contr.mcaogs_supplier_Formatted": "SYMMETRY ENERGY SOLUTIONS, LLC",
            "contr.mcaogs_supplier_LogicalName": "account",
            "contr.onegas_customercontractedbanneraccounts_Formatted": "1",
            "contr.onegas_contractenddate_Formatted": "12/31/9000",
            "banneraccount.onegas_bannerstatus_Formatted": "Active",
            "contr.onegas_qptmcontractstatus_Formatted": "Active",
            "contr.activeon_Formatted": "10/1/2019",
            "banneraccount.mcaogs_premiseid_Formatted": "1393698",
            "banneraccount.mcaogs_premiseid_LogicalName": "mcaogs_premise",
            "premise.mcaogs_stateid_Formatted": "TX",
            "premise.mcaogs_stateid_LogicalName": "mcaogs_state"
        },
        {
            "@odata.etag": "W/\"2496587090\"",
            "accountid": "ecf2201e-41a5-e511-80e0-3863bb34dac8",
            "mcaogs_bannerid": "910879082",
            "name": "REID'S CLEANERS",
            "mcaogs_sourcesystemname": "Banner",
            "mcaogs_sourcesystemid": "910879082",
            "_onegas_keyaccountrep_value@OData.Community.Display.V1.FormattedValue": "Grant Huber",
            "_onegas_keyaccountrep_value@Microsoft.Dynamics.CRM.lookuplogicalname": "systemuser",
            "_onegas_keyaccountrep_value": "90c0a8a8-15e6-e511-80ed-3863bb346a10",
            "contr.mcaogs_supplier@OData.Community.Display.V1.AttributeName": "mcaogs_supplier",
            "contr.mcaogs_supplier@OData.Community.Display.V1.FormattedValue": "SYMMETRY ENERGY SOLUTIONS, LLC",
            "contr.mcaogs_supplier@Microsoft.Dynamics.CRM.lookuplogicalname": "account",
            "contr.mcaogs_supplier": "a17d6601-e0e8-ec11-bb3c-000d3a1129d3",
            "contr.onegas_tariff@OData.Community.Display.V1.AttributeName": "onegas_tariff",
            "contr.onegas_tariff": "AUST I/S COM TRANS",
            "contr.onegas_customercontractedbanneraccounts@OData.Community.Display.V1.AttributeName": "onegas_customercontractedbanneraccounts",
            "contr.onegas_customercontractedbanneraccounts@OData.Community.Display.V1.FormattedValue": "1",
            "contr.onegas_customercontractedbanneraccounts": 1,
            "company.onegas_ldc_customer_number@OData.Community.Display.V1.AttributeName": "onegas_ldc_customer_number",
            "company.onegas_ldc_customer_number": "5924",
            "contr.title@OData.Community.Display.V1.AttributeName": "title",
            "contr.title": "REID'S LAUNDRY & CLEANERS",
            "contr.onegas_contractenddate@OData.Community.Display.V1.AttributeName": "onegas_contractenddate",
            "contr.onegas_contractenddate@OData.Community.Display.V1.FormattedValue": "12/31/9000",
            "contr.onegas_contractenddate": "9000-12-31T06:00:00.000Z",
            "banneraccount.onegas_bannerstatus@OData.Community.Display.V1.AttributeName": "onegas_bannerstatus",
            "banneraccount.onegas_bannerstatus@OData.Community.Display.V1.FormattedValue": "Active",
            "banneraccount.onegas_bannerstatus": 701830000,
            "contr.onegas_qptmcontractstatus@OData.Community.Display.V1.AttributeName": "onegas_qptmcontractstatus",
            "contr.onegas_qptmcontractstatus@OData.Community.Display.V1.FormattedValue": "Active",
            "contr.onegas_qptmcontractstatus": 701830000,
            "contr.mcaogs_qptm_id@OData.Community.Display.V1.AttributeName": "mcaogs_qptm_id",
            "contr.mcaogs_qptm_id": "017894",
            "company.onegas_name@OData.Community.Display.V1.AttributeName": "onegas_name",
            "company.onegas_name": "REID'S LAUNDRY & CLEANERS (5924)",
            "premise.mcaogs_address1@OData.Community.Display.V1.AttributeName": "mcaogs_address1",
            "premise.mcaogs_address1": "11907 W HIGHWAY 290",
            "banneraccount.mcaogs_name@OData.Community.Display.V1.AttributeName": "mcaogs_name",
            "banneraccount.mcaogs_name": "910879082-1657293",
            "company.onegas_taxid@OData.Community.Display.V1.AttributeName": "onegas_taxid",
            "company.onegas_taxid": "17423907595",
            "contr.activeon@OData.Community.Display.V1.AttributeName": "activeon",
            "contr.activeon@OData.Community.Display.V1.FormattedValue": "10/1/2019",
            "contr.activeon": "2019-10-01T05:00:00.000Z",
            "contr.onegas_rate@OData.Community.Display.V1.AttributeName": "onegas_rate",
            "contr.onegas_rate": "X06P",
            "premise.mcaogs_city@OData.Community.Display.V1.AttributeName": "mcaogs_city",
            "premise.mcaogs_city": "AUSTIN",
            "contr.mcaogs_sourcesystemid@OData.Community.Display.V1.AttributeName": "mcaogs_sourcesystemid",
            "contr.mcaogs_sourcesystemid": "017894",
            "banneraccount.onegas_billing_history_url@OData.Community.Display.V1.AttributeName": "onegas_billing_history_url",
            "banneraccount.onegas_billing_history_url": "http://csrtools.webapp.onegas.com/msi/formx.aspx?cc=9108790821657293P",
            "contr.onegas_tspno@OData.Community.Display.V1.AttributeName": "onegas_tspno",
            "contr.onegas_tspno": "91",
            "banneraccount.mcaogs_premiseid@OData.Community.Display.V1.AttributeName": "mcaogs_premiseid",
            "banneraccount.mcaogs_premiseid@OData.Community.Display.V1.FormattedValue": "1657293",
            "banneraccount.mcaogs_premiseid@Microsoft.Dynamics.CRM.lookuplogicalname": "mcaogs_premise",
            "banneraccount.mcaogs_premiseid": "8c1e34eb-91fc-e511-80f0-3863bb2e33b0",
            "premise.mcaogs_stateid@OData.Community.Display.V1.AttributeName": "mcaogs_stateid",
            "premise.mcaogs_stateid@OData.Community.Display.V1.FormattedValue": "TX",
            "premise.mcaogs_stateid@Microsoft.Dynamics.CRM.lookuplogicalname": "mcaogs_state",
            "premise.mcaogs_stateid": "aff62468-2611-e511-80fa-c4346bac45d4",
            "_onegas_keyaccountrep_value_Formatted": "Grant Huber",
            "_onegas_keyaccountrep_value_LogicalName": "systemuser",
            "contr.mcaogs_supplier_Formatted": "SYMMETRY ENERGY SOLUTIONS, LLC",
            "contr.mcaogs_supplier_LogicalName": "account",
            "contr.onegas_customercontractedbanneraccounts_Formatted": "1",
            "contr.onegas_contractenddate_Formatted": "12/31/9000",
            "banneraccount.onegas_bannerstatus_Formatted": "Active",
            "contr.onegas_qptmcontractstatus_Formatted": "Active",
            "contr.activeon_Formatted": "10/1/2019",
            "banneraccount.mcaogs_premiseid_Formatted": "1657293",
            "banneraccount.mcaogs_premiseid_LogicalName": "mcaogs_premise",
            "premise.mcaogs_stateid_Formatted": "TX",
            "premise.mcaogs_stateid_LogicalName": "mcaogs_state"
        },
        {
            "@odata.etag": "W/\"1751848588\"",
            "accountid": "bf28a1a4-11ca-e511-80e3-3863bb34dac8",
            "mcaogs_bannerid": "910135038",
            "name": "REID'S LAUNDRY & CLEANERS",
            "mcaogs_sourcesystemname": "Banner",
            "mcaogs_sourcesystemid": "910135038",
            "_onegas_keyaccountrep_value@OData.Community.Display.V1.FormattedValue": "Grant Huber",
            "_onegas_keyaccountrep_value@Microsoft.Dynamics.CRM.lookuplogicalname": "systemuser",
            "_onegas_keyaccountrep_value": "90c0a8a8-15e6-e511-80ed-3863bb346a10",
            "contr.mcaogs_supplier@OData.Community.Display.V1.AttributeName": "mcaogs_supplier",
            "contr.mcaogs_supplier@OData.Community.Display.V1.FormattedValue": "SYMMETRY ENERGY SOLUTIONS, LLC",
            "contr.mcaogs_supplier@Microsoft.Dynamics.CRM.lookuplogicalname": "account",
            "contr.mcaogs_supplier": "a17d6601-e0e8-ec11-bb3c-000d3a1129d3",
            "contr.onegas_tariff@OData.Community.Display.V1.AttributeName": "onegas_tariff",
            "contr.onegas_tariff": "AUST I/S COM TRANS",
            "contr.onegas_customercontractedbanneraccounts@OData.Community.Display.V1.AttributeName": "onegas_customercontractedbanneraccounts",
            "contr.onegas_customercontractedbanneraccounts@OData.Community.Display.V1.FormattedValue": "1",
            "contr.onegas_customercontractedbanneraccounts": 1,
            "company.onegas_ldc_customer_number@OData.Community.Display.V1.AttributeName": "onegas_ldc_customer_number",
            "company.onegas_ldc_customer_number": "5924",
            "contr.title@OData.Community.Display.V1.AttributeName": "title",
            "contr.title": "REID'S LAUNDRY & CLEANERS",
            "contr.onegas_contractenddate@OData.Community.Display.V1.AttributeName": "onegas_contractenddate",
            "contr.onegas_contractenddate@OData.Community.Display.V1.FormattedValue": "12/31/9000",
            "contr.onegas_contractenddate": "9000-12-31T06:00:00.000Z",
            "banneraccount.onegas_bannerstatus@OData.Community.Display.V1.AttributeName": "onegas_bannerstatus",
            "banneraccount.onegas_bannerstatus@OData.Community.Display.V1.FormattedValue": "Active",
            "banneraccount.onegas_bannerstatus": 701830000,
            "contr.onegas_qptmcontractstatus@OData.Community.Display.V1.AttributeName": "onegas_qptmcontractstatus",
            "contr.onegas_qptmcontractstatus@OData.Community.Display.V1.FormattedValue": "Active",
            "contr.onegas_qptmcontractstatus": 701830000,
            "contr.mcaogs_qptm_id@OData.Community.Display.V1.AttributeName": "mcaogs_qptm_id",
            "contr.mcaogs_qptm_id": "017894",
            "company.onegas_name@OData.Community.Display.V1.AttributeName": "onegas_name",
            "company.onegas_name": "REID'S LAUNDRY & CLEANERS (5924)",
            "premise.mcaogs_address1@OData.Community.Display.V1.AttributeName": "mcaogs_address1",
            "premise.mcaogs_address1": "7010 W HIGHWAY 71 # 20",
            "banneraccount.mcaogs_name@OData.Community.Display.V1.AttributeName": "mcaogs_name",
            "banneraccount.mcaogs_name": "910135038-1404046",
            "company.onegas_taxid@OData.Community.Display.V1.AttributeName": "onegas_taxid",
            "company.onegas_taxid": "17423907595",
            "contr.activeon@OData.Community.Display.V1.AttributeName": "activeon",
            "contr.activeon@OData.Community.Display.V1.FormattedValue": "10/1/2019",
            "contr.activeon": "2019-10-01T05:00:00.000Z",
            "contr.onegas_rate@OData.Community.Display.V1.AttributeName": "onegas_rate",
            "contr.onegas_rate": "X06P",
            "premise.mcaogs_city@OData.Community.Display.V1.AttributeName": "mcaogs_city",
            "premise.mcaogs_city": "AUSTIN",
            "contr.mcaogs_sourcesystemid@OData.Community.Display.V1.AttributeName": "mcaogs_sourcesystemid",
            "contr.mcaogs_sourcesystemid": "017894",
            "banneraccount.onegas_billing_history_url@OData.Community.Display.V1.AttributeName": "onegas_billing_history_url",
            "banneraccount.onegas_billing_history_url": "http://csrtools.webapp.onegas.com/msi/formx.aspx?cc=9101350381404046P",
            "contr.onegas_tspno@OData.Community.Display.V1.AttributeName": "onegas_tspno",
            "contr.onegas_tspno": "91",
            "banneraccount.mcaogs_premiseid@OData.Community.Display.V1.AttributeName": "mcaogs_premiseid",
            "banneraccount.mcaogs_premiseid@OData.Community.Display.V1.FormattedValue": "1404046",
            "banneraccount.mcaogs_premiseid@Microsoft.Dynamics.CRM.lookuplogicalname": "mcaogs_premise",
            "banneraccount.mcaogs_premiseid": "9b7bcea5-91fc-e511-80f2-3863bb341e70",
            "premise.mcaogs_stateid@OData.Community.Display.V1.AttributeName": "mcaogs_stateid",
            "premise.mcaogs_stateid@OData.Community.Display.V1.FormattedValue": "TX",
            "premise.mcaogs_stateid@Microsoft.Dynamics.CRM.lookuplogicalname": "mcaogs_state",
            "premise.mcaogs_stateid": "aff62468-2611-e511-80fa-c4346bac45d4",
            "_onegas_keyaccountrep_value_Formatted": "Grant Huber",
            "_onegas_keyaccountrep_value_LogicalName": "systemuser",
            "contr.mcaogs_supplier_Formatted": "SYMMETRY ENERGY SOLUTIONS, LLC",
            "contr.mcaogs_supplier_LogicalName": "account",
            "contr.onegas_customercontractedbanneraccounts_Formatted": "1",
            "contr.onegas_contractenddate_Formatted": "12/31/9000",
            "banneraccount.onegas_bannerstatus_Formatted": "Active",
            "contr.onegas_qptmcontractstatus_Formatted": "Active",
            "contr.activeon_Formatted": "10/1/2019",
            "banneraccount.mcaogs_premiseid_Formatted": "1404046",
            "banneraccount.mcaogs_premiseid_LogicalName": "mcaogs_premise",
            "premise.mcaogs_stateid_Formatted": "TX",
            "premise.mcaogs_stateid_LogicalName": "mcaogs_state"
        }
    ],
    "oDataContext": "https://onegasdev.crm.dynamics.com/api/data/v9.0/$metadata#accounts(accountid,mcaogs_bannerid,name,mcaogs_sourcesystemname,mcaogs_sourcesystemid,_onegas_keyaccountrep_value)"
}