<?xml version="1.0" encoding="utf-8" ?>
<manifest>
<!-- Schema is here: https://learn.microsoft.com/en-us/power-apps/developer/component-framework/manifest-schema-reference/property -->
  <control namespace="onegas" constructor="FetchXmlDetailsList" version="0.0.1" display-name-key="FetchXmlDetailsList" description-key="FetchXmlDetailsList description" control-type="virtual" >
    <!--external-service-usage node declares whether this 3rd party PCF control is using external service or not, if yes, this control will be considered as premium and please also add the external domain it is using.
    If it is not using any external service, please set the enabled="false" and DO NOT add any domain below. The "enabled" will be false by default.
    Example1:
      <external-service-usage enabled="true">
        <domain>www.Microsoft.com</domain>
      </external-service-usage>
    Example2:
      <external-service-usage enabled="false">
      </external-service-usage>
    -->
    <external-service-usage enabled="false">
      <!--UNCOMMENT TO ADD EXTERNAL DOMAINS
      <domain></domain>
      <domain></domain>
      -->
    </external-service-usage>
    <!-- dataset node represents a set of entity records on CDS; allow more than one datasets -->
    <!-- <data-set name="sampleDataSet" display-name-key="Dataset_Display_Key"> -->
      <!-- 'property-set' node represents a unique, configurable property that each record in the dataset must provide. -->
      <!-- UNCOMMENT TO ADD PROPERTY-SET NODE
      <property-set name="samplePropertySet" display-name-key="Property_Display_Key" description-key="Property_Desc_Key" of-type="SingleLine.Text" usage="bound" required="true" />
      -->
    <!-- </data-set> -->
    <property name="FetchXML" display-name-key="FetchXML Query" description-key="FetchXML Query with RecordId Placeholder in Filter" of-type="Multiple" usage="input" required="true" />
    <property name="RecordIdPlaceholder" display-name-key="RecordId Placeholder" description-key="Will be replaced with RecordId. ie. [RECORDID] " of-type="SingleLine.Text" usage="input" required="true" />
    <property name="ControlAnchorField" display-name-key="ControlAnchorField" description-key="Dummy text field used to place grid." of-type="SingleLine.Text" usage="bound" required="true" />
    <property name="ColumnLayoutJson" display-name-key="Column Layout Json" description-key="Json list of Columns (name, fieldName)" of-type="Multiple" usage="input" required="false" />
    <property name="ItemsPerPage" display-name-key="Items Per Page" description-key="Items Per Page (Defaults to 50)" of-type="Whole.None" usage="input" required="false" default-value="5000"/>
    
    <property name="DebugMode" display-name-key="Run in Debug Mode" description-key="Write extra details to console.log"  of-type="Enum" usage="input" required="false">
       <value name="Off" display-name-key="Off" description-key="Do NOT run in Debug Mode" default="true">0</value>
       <value name="On" display-name-key="On" description-key="Run in Debug Mode">1</value>
    </property>

    <resources>
      <code path="index.ts" order="1"/>
      <platform-library name="React" version="16.8.6" />
      <platform-library name="Fluent" version="8.29.0" />
      <!-- UNCOMMENT TO ADD MORE RESOURCES
      <css path="css/SimpleDetailsList.css" order="1" />
      <resx path="strings/SimpleDetailsList.1033.resx" version="1.0.0" />
      -->
    </resources>
    <feature-usage>
      <!-- <uses-feature name="Device.captureAudio" required="true" />
      <uses-feature name="Device.captureImage" required="true" />
      <uses-feature name="Device.captureVideo" required="true" />
      <uses-feature name="Device.getBarcodeValue" required="true" />
      <uses-feature name="Device.getCurrentPosition" required="true" />
      <uses-feature name="Device.pickFile" required="true" />
      -->
      <uses-feature name="Utility" required="true" />
      <uses-feature name="WebAPI" required="true" />
    </feature-usage>
    
  </control>
</manifest>
